slug,name,country,lat,lng,size,score,ndvi,cover,height,fires,s1,trend_3y,trend_10y,trend_40y,ai_type,alert,agb,stage
amazon-brazil,Amazon Rainforest,Brazil,-3.4653,-62.2159,50,80,0.82,98.5,9.8,42,-8.2,+0.012,+0.089,+0.124,Dense Tropical Forest,STABLE,78.4,Old-growth forest (>120 years)
congo-basin,Congo Basin Forest,Democratic Republic of Congo,-0.7893,23.6568,50,73,0.773,100.0,11.6,18,-9.1,+0.008,+0.054,+0.098,Dense Tropical Forest,STABLE,120.5,Old-growth forest (>120 years)
black-forest-germany,Black Forest,Germany,48.3614,8.145,50,68,0.729,95.8,10.5,3,-11.2,+0.021,+0.187,+0.231,Temperate Forest,STABLE,78.4,Old-growth forest (>120 years)
borneo-indonesia,Borneo Rainforest,Indonesia/Malaysia,-0.5,114.0,50,51,0.613,72.9,10.0,991,-6.993,-0.018,-0.124,-0.198,Tropical Forest,CRITICAL,45.0,Mature forest (60-120 years)
siberia-russia,Siberian Taiga,Russia,60.0,100.0,50,78,0.631,99.1,20.2,551,-10.22,+0.005,+0.041,+0.087,Boreal Forest,POSITIVE,183.6,Mature forest (60-120 years)
kenya-forest,Kenya Highlands Forest,Kenya,-0.0236,37.9062,50,47,0.458,61.8,6.5,1093,-9.261,-0.012,-0.089,-0.134,Savanna/Woodland,CRITICAL,19.0,Growing forest (20-60 years)
cameroon-forest,Cameroon Forest,Cameroon,3.848,11.5021,50,73,0.691,89.0,7.5,1221,-7.138,-0.008,+0.031,+0.056,Dense Tropical Forest,STABLE,25.3,Mature forest (60-120 years)
turkey-forest,Turkey Forest,Turkey,37.8716,32.4846,50,30,0.237,10.6,3.1,1006,-11.02,+0.014,+0.089,+0.112,Savanna/Woodland,POSITIVE,4.3,Young forest (0-20 years)
rwanda-forest,Rwanda Highland Forest,Rwanda,-1.9403,29.8739,50,52,0.455,71.1,4.2,193,-7.859,-0.009,-0.054,-0.098,Tropical Forest,CRITICAL,7.9,Growing forest (20-60 years)
france-forest,French Forest,France,45.0,2.3522,50,68,0.743,99.2,8.6,152,-10.481,+0.019,+0.143,+0.187,Temperate Forest,STABLE,33.3,Mature forest (60-120 years)
belgium-forest,Belgian Ardennes Forest,Belgium,50.5039,4.4699,50,68,0.629,90.1,4.2,237,-9.404,+0.022,+0.098,+0.156,Temperate Forest,POSITIVE,7.9,Mature forest (60-120 years)
mayombe-congo,Mayombe Forest,Congo,-4.5,12.5,50,73,0.712,95.8,12.1,5598,-7.203,-0.004,+0.389,+0.492,Dense Tropical Forest,CAUTION,65.9,Mature forest (60-120 years)
gabon-forest,Gabon Rainforest,Gabon,-0.5,11.5,50,73,0.756,92.1,14.2,883,-7.384,-0.006,+0.449,+0.696,Dense Tropical Forest,WARNING,90.7,Old-growth forest (>120 years)
madagascar-forest,Madagascar Forest,Madagascar,-18.5,47.0,50,41,0.354,23.3,2.9,4944,-11.677,+0.018,+0.182,+0.175,Savanna/Woodland,POSITIVE,3.8,Young forest (0-20 years)
ivory-coast-forest,Ivory Coast Forest,Ivory Coast,6.5,-5.5,50,73,0.677,97.9,9.1,870,-8.191,+0.066,+0.370,+0.383,Dense Tropical Forest,STABLE,37.3,Mature forest (60-120 years)
western-ghats-india,Western Ghats Forest,India,10.5,76.5,50,66,0.667,96.4,10.0,247,-7.797,-0.016,+0.353,+0.407,Tropical Forest,STABLE,45.0,Mature forest (60-120 years)
atlantic-forest-brazil,Atlantic Forest,Brazil,-20.0,-43.0,50,68,0.594,88.1,9.1,1018,-8.769,+0.004,+0.299,+0.323,Tropical Forest,POSITIVE,37.3,Growing forest (20-60 years)
philippines-forest,Philippines Forest,Philippines,7.5,125.0,50,73,0.703,97.9,8.8,1349,-7.999,-0.031,+0.334,+0.388,Dense Tropical Forest,STABLE,34.8,Mature forest (60-120 years)
malaysian-forest,Malaysian Rainforest,Malaysia,4.5,117.5,50,65,0.641,85.2,9.8,312,-8.102,-0.012,+0.187,+0.213,Dense Tropical Forest,CAUTION,43.2,Mature forest (60-120 years)
colombian-amazon,Colombian Amazon,Colombia,1.0,-73.0,50,73,0.796,99.5,9.6,25,-7.766,-0.020,+0.421,+0.445,Dense Tropical Forest,STABLE,41.5,Old-growth forest (>120 years)
peruvian-amazon,Peruvian Amazon,Peru,-4.5,-74.0,50,80,0.792,95.0,9.6,9,-7.87,+0.004,+0.418,+0.453,Dense Tropical Forest,STABLE,41.5,Old-growth forest (>120 years)
canadian-boreal,Canadian Boreal Forest,Canada,55.0,-95.0,50,56,0.502,76.4,16.1,25,-12.774,+0.001,+0.375,+0.327,Boreal Forest,WARNING,116.6,Growing forest (20-60 years)
pacific-northwest-usa,Pacific Northwest Forest,United States,47.5,-122.5,50,49,0.417,60.2,7.5,274,-12.396,+0.019,+0.223,+0.231,Temperate Forest,STABLE,25.3,Growing forest (20-60 years)
bialowieza-poland,Bialowieza Forest,Poland/Belarus,52.7,23.8,50,57,0.653,96.1,20.9,98,-10.579,-0.064,+0.352,+0.382,Temperate Forest,STABLE,196.6,Mature forest (60-120 years)
swedish-boreal,Swedish Boreal Forest,Sweden,64.0,18.0,50,39,0.453,65.0,14.5,32,-10.47,-0.203,+0.179,+0.232,Boreal Forest,CRITICAL,94.6,Growing forest (20-60 years)
romanian-carpathian,Romanian Carpathian Forest,Romania,45.5,25.0,50,68,0.732,92.6,11.7,370,-9.184,-0.009,+0.424,+0.467,Temperate Forest,CAUTION,61.6,Mature forest (60-120 years)
